"","V1","V2","""https://www.a-league.com.au/match/id/""","URL"
"1","927942","17/18","https://www.a-league.com.au/match/id/","https://www.a-league.com.au/match/id/927942"
"2","927943","17/18","https://www.a-league.com.au/match/id/","https://www.a-league.com.au/match/id/927943"
"3","927944","17/18","https://www.a-league.com.au/match/id/","https://www.a-league.com.au/match/id/927944"
"4","927945","17/18","https://www.a-league.com.au/match/id/","https://www.a-league.com.au/match/id/927945"
"5","927946","17/18","https://www.a-league.com.au/match/id/","https://www.a-league.com.au/match/id/927946"
"6","927947","17/18","https://www.a-league.com.au/match/id/","https://www.a-league.com.au/match/id/927947"
"7","927948","17/18","https://www.a-league.com.au/match/id/","https://www.a-league.com.au/match/id/927948"
"8","927949","17/18","https://www.a-league.com.au/match/id/","https://www.a-league.com.au/match/id/927949"
"9","927950","17/18","https://www.a-league.com.au/match/id/","https://www.a-league.com.au/match/id/927950"
"10","927951","17/18","https://www.a-league.com.au/match/id/","https://www.a-league.com.au/match/id/927951"
"11","927952","17/18","https://www.a-league.com.au/match/id/","https://www.a-league.com.au/match/id/927952"
"12","927953","17/18","https://www.a-league.com.au/match/id/","https://www.a-league.com.au/match/id/927953"
"13","927954","17/18","https://www.a-league.com.au/match/id/","https://www.a-league.com.au/match/id/927954"
"14","927955","17/18","https://www.a-league.com.au/match/id/","https://www.a-league.com.au/match/id/927955"
"15","927956","17/18","https://www.a-league.com.au/match/id/","https://www.a-league.com.au/match/id/927956"
"16","927957","17/18","https://www.a-league.com.au/match/id/","https://www.a-league.com.au/match/id/927957"
"17","927958","17/18","https://www.a-league.com.au/match/id/","https://www.a-league.com.au/match/id/927958"
"18","927959","17/18","https://www.a-league.com.au/match/id/","https://www.a-league.com.au/match/id/927959"
"19","927960","17/18","https://www.a-league.com.au/match/id/","https://www.a-league.com.au/match/id/927960"
"20","927961","17/18","https://www.a-league.com.au/match/id/","https://www.a-league.com.au/match/id/927961"
"21","927962","17/18","https://www.a-league.com.au/match/id/","https://www.a-league.com.au/match/id/927962"
"22","927963","17/18","https://www.a-league.com.au/match/id/","https://www.a-league.com.au/match/id/927963"
"23","927964","17/18","https://www.a-league.com.au/match/id/","https://www.a-league.com.au/match/id/927964"
"24","927965","17/18","https://www.a-league.com.au/match/id/","https://www.a-league.com.au/match/id/927965"
"25","927966","17/18","https://www.a-league.com.au/match/id/","https://www.a-league.com.au/match/id/927966"
"26","927967","17/18","https://www.a-league.com.au/match/id/","https://www.a-league.com.au/match/id/927967"
"27","927968","17/18","https://www.a-league.com.au/match/id/","https://www.a-league.com.au/match/id/927968"
"28","927969","17/18","https://www.a-league.com.au/match/id/","https://www.a-league.com.au/match/id/927969"
"29","927970","17/18","https://www.a-league.com.au/match/id/","https://www.a-league.com.au/match/id/927970"
"30","927971","17/18","https://www.a-league.com.au/match/id/","https://www.a-league.com.au/match/id/927971"
"31","927972","17/18","https://www.a-league.com.au/match/id/","https://www.a-league.com.au/match/id/927972"
"32","927973","17/18","https://www.a-league.com.au/match/id/","https://www.a-league.com.au/match/id/927973"
"33","927974","17/18","https://www.a-league.com.au/match/id/","https://www.a-league.com.au/match/id/927974"
"34","927975","17/18","https://www.a-league.com.au/match/id/","https://www.a-league.com.au/match/id/927975"
"35","927976","17/18","https://www.a-league.com.au/match/id/","https://www.a-league.com.au/match/id/927976"
"36","927977","17/18","https://www.a-league.com.au/match/id/","https://www.a-league.com.au/match/id/927977"
"37","927978","17/18","https://www.a-league.com.au/match/id/","https://www.a-league.com.au/match/id/927978"
"38","927979","17/18","https://www.a-league.com.au/match/id/","https://www.a-league.com.au/match/id/927979"
"39","927980","17/18","https://www.a-league.com.au/match/id/","https://www.a-league.com.au/match/id/927980"
"40","927981","17/18","https://www.a-league.com.au/match/id/","https://www.a-league.com.au/match/id/927981"
"41","927982","17/18","https://www.a-league.com.au/match/id/","https://www.a-league.com.au/match/id/927982"
"42","927983","17/18","https://www.a-league.com.au/match/id/","https://www.a-league.com.au/match/id/927983"
"43","927984","17/18","https://www.a-league.com.au/match/id/","https://www.a-league.com.au/match/id/927984"
"44","927985","17/18","https://www.a-league.com.au/match/id/","https://www.a-league.com.au/match/id/927985"
"45","927986","17/18","https://www.a-league.com.au/match/id/","https://www.a-league.com.au/match/id/927986"
"46","927987","17/18","https://www.a-league.com.au/match/id/","https://www.a-league.com.au/match/id/927987"
"47","927988","17/18","https://www.a-league.com.au/match/id/","https://www.a-league.com.au/match/id/927988"
"48","927989","17/18","https://www.a-league.com.au/match/id/","https://www.a-league.com.au/match/id/927989"
"49","927990","17/18","https://www.a-league.com.au/match/id/","https://www.a-league.com.au/match/id/927990"
"50","927991","17/18","https://www.a-league.com.au/match/id/","https://www.a-league.com.au/match/id/927991"
"51","927992","17/18","https://www.a-league.com.au/match/id/","https://www.a-league.com.au/match/id/927992"
"52","927993","17/18","https://www.a-league.com.au/match/id/","https://www.a-league.com.au/match/id/927993"
"53","927994","17/18","https://www.a-league.com.au/match/id/","https://www.a-league.com.au/match/id/927994"
"54","927995","17/18","https://www.a-league.com.au/match/id/","https://www.a-league.com.au/match/id/927995"
"55","927996","17/18","https://www.a-league.com.au/match/id/","https://www.a-league.com.au/match/id/927996"
"56","927997","17/18","https://www.a-league.com.au/match/id/","https://www.a-league.com.au/match/id/927997"
"57","927998","17/18","https://www.a-league.com.au/match/id/","https://www.a-league.com.au/match/id/927998"
"58","927999","17/18","https://www.a-league.com.au/match/id/","https://www.a-league.com.au/match/id/927999"
"59","928000","17/18","https://www.a-league.com.au/match/id/","https://www.a-league.com.au/match/id/928000"
"60","928001","17/18","https://www.a-league.com.au/match/id/","https://www.a-league.com.au/match/id/928001"
"61","928002","17/18","https://www.a-league.com.au/match/id/","https://www.a-league.com.au/match/id/928002"
"62","928003","17/18","https://www.a-league.com.au/match/id/","https://www.a-league.com.au/match/id/928003"
"63","928004","17/18","https://www.a-league.com.au/match/id/","https://www.a-league.com.au/match/id/928004"
"64","928005","17/18","https://www.a-league.com.au/match/id/","https://www.a-league.com.au/match/id/928005"
"65","928006","17/18","https://www.a-league.com.au/match/id/","https://www.a-league.com.au/match/id/928006"
"66","928007","17/18","https://www.a-league.com.au/match/id/","https://www.a-league.com.au/match/id/928007"
"67","928008","17/18","https://www.a-league.com.au/match/id/","https://www.a-league.com.au/match/id/928008"
"68","928009","17/18","https://www.a-league.com.au/match/id/","https://www.a-league.com.au/match/id/928009"
"69","928010","17/18","https://www.a-league.com.au/match/id/","https://www.a-league.com.au/match/id/928010"
"70","928011","17/18","https://www.a-league.com.au/match/id/","https://www.a-league.com.au/match/id/928011"
"71","928012","17/18","https://www.a-league.com.au/match/id/","https://www.a-league.com.au/match/id/928012"
"72","928013","17/18","https://www.a-league.com.au/match/id/","https://www.a-league.com.au/match/id/928013"
"73","928014","17/18","https://www.a-league.com.au/match/id/","https://www.a-league.com.au/match/id/928014"
"74","928015","17/18","https://www.a-league.com.au/match/id/","https://www.a-league.com.au/match/id/928015"
"75","928016","17/18","https://www.a-league.com.au/match/id/","https://www.a-league.com.au/match/id/928016"
"76","928017","17/18","https://www.a-league.com.au/match/id/","https://www.a-league.com.au/match/id/928017"
"77","928018","17/18","https://www.a-league.com.au/match/id/","https://www.a-league.com.au/match/id/928018"
"78","928019","17/18","https://www.a-league.com.au/match/id/","https://www.a-league.com.au/match/id/928019"
"79","928020","17/18","https://www.a-league.com.au/match/id/","https://www.a-league.com.au/match/id/928020"
"80","928021","17/18","https://www.a-league.com.au/match/id/","https://www.a-league.com.au/match/id/928021"
"81","928022","17/18","https://www.a-league.com.au/match/id/","https://www.a-league.com.au/match/id/928022"
"82","928023","17/18","https://www.a-league.com.au/match/id/","https://www.a-league.com.au/match/id/928023"
"83","928024","17/18","https://www.a-league.com.au/match/id/","https://www.a-league.com.au/match/id/928024"
"84","928025","17/18","https://www.a-league.com.au/match/id/","https://www.a-league.com.au/match/id/928025"
"85","928026","17/18","https://www.a-league.com.au/match/id/","https://www.a-league.com.au/match/id/928026"
"86","928027","17/18","https://www.a-league.com.au/match/id/","https://www.a-league.com.au/match/id/928027"
"87","928028","17/18","https://www.a-league.com.au/match/id/","https://www.a-league.com.au/match/id/928028"
"88","928029","17/18","https://www.a-league.com.au/match/id/","https://www.a-league.com.au/match/id/928029"
"89","928030","17/18","https://www.a-league.com.au/match/id/","https://www.a-league.com.au/match/id/928030"
"90","928031","17/18","https://www.a-league.com.au/match/id/","https://www.a-league.com.au/match/id/928031"
"91","928032","17/18","https://www.a-league.com.au/match/id/","https://www.a-league.com.au/match/id/928032"
"92","928033","17/18","https://www.a-league.com.au/match/id/","https://www.a-league.com.au/match/id/928033"
"93","928034","17/18","https://www.a-league.com.au/match/id/","https://www.a-league.com.au/match/id/928034"
"94","928035","17/18","https://www.a-league.com.au/match/id/","https://www.a-league.com.au/match/id/928035"
"95","928036","17/18","https://www.a-league.com.au/match/id/","https://www.a-league.com.au/match/id/928036"
"96","928037","17/18","https://www.a-league.com.au/match/id/","https://www.a-league.com.au/match/id/928037"
"97","928038","17/18","https://www.a-league.com.au/match/id/","https://www.a-league.com.au/match/id/928038"
"98","928039","17/18","https://www.a-league.com.au/match/id/","https://www.a-league.com.au/match/id/928039"
"99","928040","17/18","https://www.a-league.com.au/match/id/","https://www.a-league.com.au/match/id/928040"
"100","928041","17/18","https://www.a-league.com.au/match/id/","https://www.a-league.com.au/match/id/928041"
"101","928042","17/18","https://www.a-league.com.au/match/id/","https://www.a-league.com.au/match/id/928042"
"102","928043","17/18","https://www.a-league.com.au/match/id/","https://www.a-league.com.au/match/id/928043"
"103","928044","17/18","https://www.a-league.com.au/match/id/","https://www.a-league.com.au/match/id/928044"
"104","928045","17/18","https://www.a-league.com.au/match/id/","https://www.a-league.com.au/match/id/928045"
"105","928046","17/18","https://www.a-league.com.au/match/id/","https://www.a-league.com.au/match/id/928046"
"106","928047","17/18","https://www.a-league.com.au/match/id/","https://www.a-league.com.au/match/id/928047"
"107","928048","17/18","https://www.a-league.com.au/match/id/","https://www.a-league.com.au/match/id/928048"
"108","928049","17/18","https://www.a-league.com.au/match/id/","https://www.a-league.com.au/match/id/928049"
"109","928050","17/18","https://www.a-league.com.au/match/id/","https://www.a-league.com.au/match/id/928050"
"110","928051","17/18","https://www.a-league.com.au/match/id/","https://www.a-league.com.au/match/id/928051"
"111","928052","17/18","https://www.a-league.com.au/match/id/","https://www.a-league.com.au/match/id/928052"
"112","928053","17/18","https://www.a-league.com.au/match/id/","https://www.a-league.com.au/match/id/928053"
"113","928054","17/18","https://www.a-league.com.au/match/id/","https://www.a-league.com.au/match/id/928054"
"114","928055","17/18","https://www.a-league.com.au/match/id/","https://www.a-league.com.au/match/id/928055"
"115","928056","17/18","https://www.a-league.com.au/match/id/","https://www.a-league.com.au/match/id/928056"
"116","928057","17/18","https://www.a-league.com.au/match/id/","https://www.a-league.com.au/match/id/928057"
"117","928058","17/18","https://www.a-league.com.au/match/id/","https://www.a-league.com.au/match/id/928058"
"118","928059","17/18","https://www.a-league.com.au/match/id/","https://www.a-league.com.au/match/id/928059"
"119","928060","17/18","https://www.a-league.com.au/match/id/","https://www.a-league.com.au/match/id/928060"
"120","928061","17/18","https://www.a-league.com.au/match/id/","https://www.a-league.com.au/match/id/928061"
"121","928062","17/18","https://www.a-league.com.au/match/id/","https://www.a-league.com.au/match/id/928062"
"122","928063","17/18","https://www.a-league.com.au/match/id/","https://www.a-league.com.au/match/id/928063"
"123","928064","17/18","https://www.a-league.com.au/match/id/","https://www.a-league.com.au/match/id/928064"
"124","928065","17/18","https://www.a-league.com.au/match/id/","https://www.a-league.com.au/match/id/928065"
"125","928066","17/18","https://www.a-league.com.au/match/id/","https://www.a-league.com.au/match/id/928066"
"126","928067","17/18","https://www.a-league.com.au/match/id/","https://www.a-league.com.au/match/id/928067"
"127","928068","17/18","https://www.a-league.com.au/match/id/","https://www.a-league.com.au/match/id/928068"
"128","928069","17/18","https://www.a-league.com.au/match/id/","https://www.a-league.com.au/match/id/928069"
"129","928070","17/18","https://www.a-league.com.au/match/id/","https://www.a-league.com.au/match/id/928070"
"130","928071","17/18","https://www.a-league.com.au/match/id/","https://www.a-league.com.au/match/id/928071"
"131","928072","17/18","https://www.a-league.com.au/match/id/","https://www.a-league.com.au/match/id/928072"
"132","928073","17/18","https://www.a-league.com.au/match/id/","https://www.a-league.com.au/match/id/928073"
"133","928074","17/18","https://www.a-league.com.au/match/id/","https://www.a-league.com.au/match/id/928074"
"134","928075","17/18","https://www.a-league.com.au/match/id/","https://www.a-league.com.au/match/id/928075"
"135","928076","17/18","https://www.a-league.com.au/match/id/","https://www.a-league.com.au/match/id/928076"
"136","854325","16/17","https://www.a-league.com.au/match/id/","https://www.a-league.com.au/match/id/854325"
"137","854326","16/17","https://www.a-league.com.au/match/id/","https://www.a-league.com.au/match/id/854326"
"138","854327","16/17","https://www.a-league.com.au/match/id/","https://www.a-league.com.au/match/id/854327"
"139","854328","16/17","https://www.a-league.com.au/match/id/","https://www.a-league.com.au/match/id/854328"
"140","854329","16/17","https://www.a-league.com.au/match/id/","https://www.a-league.com.au/match/id/854329"
"141","854330","16/17","https://www.a-league.com.au/match/id/","https://www.a-league.com.au/match/id/854330"
"142","854331","16/17","https://www.a-league.com.au/match/id/","https://www.a-league.com.au/match/id/854331"
"143","854332","16/17","https://www.a-league.com.au/match/id/","https://www.a-league.com.au/match/id/854332"
"144","854333","16/17","https://www.a-league.com.au/match/id/","https://www.a-league.com.au/match/id/854333"
"145","854334","16/17","https://www.a-league.com.au/match/id/","https://www.a-league.com.au/match/id/854334"
"146","854335","16/17","https://www.a-league.com.au/match/id/","https://www.a-league.com.au/match/id/854335"
"147","854336","16/17","https://www.a-league.com.au/match/id/","https://www.a-league.com.au/match/id/854336"
"148","854337","16/17","https://www.a-league.com.au/match/id/","https://www.a-league.com.au/match/id/854337"
"149","854338","16/17","https://www.a-league.com.au/match/id/","https://www.a-league.com.au/match/id/854338"
"150","854339","16/17","https://www.a-league.com.au/match/id/","https://www.a-league.com.au/match/id/854339"
"151","854340","16/17","https://www.a-league.com.au/match/id/","https://www.a-league.com.au/match/id/854340"
"152","854341","16/17","https://www.a-league.com.au/match/id/","https://www.a-league.com.au/match/id/854341"
"153","854342","16/17","https://www.a-league.com.au/match/id/","https://www.a-league.com.au/match/id/854342"
"154","854343","16/17","https://www.a-league.com.au/match/id/","https://www.a-league.com.au/match/id/854343"
"155","854344","16/17","https://www.a-league.com.au/match/id/","https://www.a-league.com.au/match/id/854344"
"156","854345","16/17","https://www.a-league.com.au/match/id/","https://www.a-league.com.au/match/id/854345"
"157","854346","16/17","https://www.a-league.com.au/match/id/","https://www.a-league.com.au/match/id/854346"
"158","854347","16/17","https://www.a-league.com.au/match/id/","https://www.a-league.com.au/match/id/854347"
"159","854348","16/17","https://www.a-league.com.au/match/id/","https://www.a-league.com.au/match/id/854348"
"160","854349","16/17","https://www.a-league.com.au/match/id/","https://www.a-league.com.au/match/id/854349"
"161","854350","16/17","https://www.a-league.com.au/match/id/","https://www.a-league.com.au/match/id/854350"
"162","854351","16/17","https://www.a-league.com.au/match/id/","https://www.a-league.com.au/match/id/854351"
"163","854352","16/17","https://www.a-league.com.au/match/id/","https://www.a-league.com.au/match/id/854352"
"164","854353","16/17","https://www.a-league.com.au/match/id/","https://www.a-league.com.au/match/id/854353"
"165","854354","16/17","https://www.a-league.com.au/match/id/","https://www.a-league.com.au/match/id/854354"
"166","854355","16/17","https://www.a-league.com.au/match/id/","https://www.a-league.com.au/match/id/854355"
"167","854356","16/17","https://www.a-league.com.au/match/id/","https://www.a-league.com.au/match/id/854356"
"168","854357","16/17","https://www.a-league.com.au/match/id/","https://www.a-league.com.au/match/id/854357"
"169","854358","16/17","https://www.a-league.com.au/match/id/","https://www.a-league.com.au/match/id/854358"
"170","854359","16/17","https://www.a-league.com.au/match/id/","https://www.a-league.com.au/match/id/854359"
"171","854360","16/17","https://www.a-league.com.au/match/id/","https://www.a-league.com.au/match/id/854360"
"172","854361","16/17","https://www.a-league.com.au/match/id/","https://www.a-league.com.au/match/id/854361"
"173","854362","16/17","https://www.a-league.com.au/match/id/","https://www.a-league.com.au/match/id/854362"
"174","854363","16/17","https://www.a-league.com.au/match/id/","https://www.a-league.com.au/match/id/854363"
"175","854364","16/17","https://www.a-league.com.au/match/id/","https://www.a-league.com.au/match/id/854364"
"176","854365","16/17","https://www.a-league.com.au/match/id/","https://www.a-league.com.au/match/id/854365"
"177","854366","16/17","https://www.a-league.com.au/match/id/","https://www.a-league.com.au/match/id/854366"
"178","854367","16/17","https://www.a-league.com.au/match/id/","https://www.a-league.com.au/match/id/854367"
"179","854368","16/17","https://www.a-league.com.au/match/id/","https://www.a-league.com.au/match/id/854368"
"180","854369","16/17","https://www.a-league.com.au/match/id/","https://www.a-league.com.au/match/id/854369"
"181","854370","16/17","https://www.a-league.com.au/match/id/","https://www.a-league.com.au/match/id/854370"
"182","854371","16/17","https://www.a-league.com.au/match/id/","https://www.a-league.com.au/match/id/854371"
"183","854372","16/17","https://www.a-league.com.au/match/id/","https://www.a-league.com.au/match/id/854372"
"184","854373","16/17","https://www.a-league.com.au/match/id/","https://www.a-league.com.au/match/id/854373"
"185","854374","16/17","https://www.a-league.com.au/match/id/","https://www.a-league.com.au/match/id/854374"
"186","854375","16/17","https://www.a-league.com.au/match/id/","https://www.a-league.com.au/match/id/854375"
"187","854376","16/17","https://www.a-league.com.au/match/id/","https://www.a-league.com.au/match/id/854376"
"188","854377","16/17","https://www.a-league.com.au/match/id/","https://www.a-league.com.au/match/id/854377"
"189","854378","16/17","https://www.a-league.com.au/match/id/","https://www.a-league.com.au/match/id/854378"
"190","854379","16/17","https://www.a-league.com.au/match/id/","https://www.a-league.com.au/match/id/854379"
"191","854380","16/17","https://www.a-league.com.au/match/id/","https://www.a-league.com.au/match/id/854380"
"192","854381","16/17","https://www.a-league.com.au/match/id/","https://www.a-league.com.au/match/id/854381"
"193","854382","16/17","https://www.a-league.com.au/match/id/","https://www.a-league.com.au/match/id/854382"
"194","854383","16/17","https://www.a-league.com.au/match/id/","https://www.a-league.com.au/match/id/854383"
"195","854384","16/17","https://www.a-league.com.au/match/id/","https://www.a-league.com.au/match/id/854384"
"196","854385","16/17","https://www.a-league.com.au/match/id/","https://www.a-league.com.au/match/id/854385"
"197","854386","16/17","https://www.a-league.com.au/match/id/","https://www.a-league.com.au/match/id/854386"
"198","854387","16/17","https://www.a-league.com.au/match/id/","https://www.a-league.com.au/match/id/854387"
"199","854388","16/17","https://www.a-league.com.au/match/id/","https://www.a-league.com.au/match/id/854388"
"200","854389","16/17","https://www.a-league.com.au/match/id/","https://www.a-league.com.au/match/id/854389"
"201","854390","16/17","https://www.a-league.com.au/match/id/","https://www.a-league.com.au/match/id/854390"
"202","854391","16/17","https://www.a-league.com.au/match/id/","https://www.a-league.com.au/match/id/854391"
"203","854392","16/17","https://www.a-league.com.au/match/id/","https://www.a-league.com.au/match/id/854392"
"204","854393","16/17","https://www.a-league.com.au/match/id/","https://www.a-league.com.au/match/id/854393"
"205","854394","16/17","https://www.a-league.com.au/match/id/","https://www.a-league.com.au/match/id/854394"
"206","854395","16/17","https://www.a-league.com.au/match/id/","https://www.a-league.com.au/match/id/854395"
"207","854396","16/17","https://www.a-league.com.au/match/id/","https://www.a-league.com.au/match/id/854396"
"208","854397","16/17","https://www.a-league.com.au/match/id/","https://www.a-league.com.au/match/id/854397"
"209","854398","16/17","https://www.a-league.com.au/match/id/","https://www.a-league.com.au/match/id/854398"
"210","854399","16/17","https://www.a-league.com.au/match/id/","https://www.a-league.com.au/match/id/854399"
"211","854400","16/17","https://www.a-league.com.au/match/id/","https://www.a-league.com.au/match/id/854400"
"212","854401","16/17","https://www.a-league.com.au/match/id/","https://www.a-league.com.au/match/id/854401"
"213","854402","16/17","https://www.a-league.com.au/match/id/","https://www.a-league.com.au/match/id/854402"
"214","854403","16/17","https://www.a-league.com.au/match/id/","https://www.a-league.com.au/match/id/854403"
"215","854404","16/17","https://www.a-league.com.au/match/id/","https://www.a-league.com.au/match/id/854404"
"216","854405","16/17","https://www.a-league.com.au/match/id/","https://www.a-league.com.au/match/id/854405"
"217","854406","16/17","https://www.a-league.com.au/match/id/","https://www.a-league.com.au/match/id/854406"
"218","854407","16/17","https://www.a-league.com.au/match/id/","https://www.a-league.com.au/match/id/854407"
"219","854408","16/17","https://www.a-league.com.au/match/id/","https://www.a-league.com.au/match/id/854408"
"220","854409","16/17","https://www.a-league.com.au/match/id/","https://www.a-league.com.au/match/id/854409"
"221","854410","16/17","https://www.a-league.com.au/match/id/","https://www.a-league.com.au/match/id/854410"
"222","854411","16/17","https://www.a-league.com.au/match/id/","https://www.a-league.com.au/match/id/854411"
"223","854412","16/17","https://www.a-league.com.au/match/id/","https://www.a-league.com.au/match/id/854412"
"224","854413","16/17","https://www.a-league.com.au/match/id/","https://www.a-league.com.au/match/id/854413"
"225","854414","16/17","https://www.a-league.com.au/match/id/","https://www.a-league.com.au/match/id/854414"
"226","854415","16/17","https://www.a-league.com.au/match/id/","https://www.a-league.com.au/match/id/854415"
"227","854416","16/17","https://www.a-league.com.au/match/id/","https://www.a-league.com.au/match/id/854416"
"228","854417","16/17","https://www.a-league.com.au/match/id/","https://www.a-league.com.au/match/id/854417"
"229","854418","16/17","https://www.a-league.com.au/match/id/","https://www.a-league.com.au/match/id/854418"
"230","854419","16/17","https://www.a-league.com.au/match/id/","https://www.a-league.com.au/match/id/854419"
"231","854420","16/17","https://www.a-league.com.au/match/id/","https://www.a-league.com.au/match/id/854420"
"232","854421","16/17","https://www.a-league.com.au/match/id/","https://www.a-league.com.au/match/id/854421"
"233","854422","16/17","https://www.a-league.com.au/match/id/","https://www.a-league.com.au/match/id/854422"
"234","854423","16/17","https://www.a-league.com.au/match/id/","https://www.a-league.com.au/match/id/854423"
"235","854424","16/17","https://www.a-league.com.au/match/id/","https://www.a-league.com.au/match/id/854424"
"236","854425","16/17","https://www.a-league.com.au/match/id/","https://www.a-league.com.au/match/id/854425"
"237","854426","16/17","https://www.a-league.com.au/match/id/","https://www.a-league.com.au/match/id/854426"
"238","854427","16/17","https://www.a-league.com.au/match/id/","https://www.a-league.com.au/match/id/854427"
"239","854428","16/17","https://www.a-league.com.au/match/id/","https://www.a-league.com.au/match/id/854428"
"240","854429","16/17","https://www.a-league.com.au/match/id/","https://www.a-league.com.au/match/id/854429"
"241","854430","16/17","https://www.a-league.com.au/match/id/","https://www.a-league.com.au/match/id/854430"
"242","854431","16/17","https://www.a-league.com.au/match/id/","https://www.a-league.com.au/match/id/854431"
"243","854432","16/17","https://www.a-league.com.au/match/id/","https://www.a-league.com.au/match/id/854432"
"244","854433","16/17","https://www.a-league.com.au/match/id/","https://www.a-league.com.au/match/id/854433"
"245","854434","16/17","https://www.a-league.com.au/match/id/","https://www.a-league.com.au/match/id/854434"
"246","854435","16/17","https://www.a-league.com.au/match/id/","https://www.a-league.com.au/match/id/854435"
"247","854436","16/17","https://www.a-league.com.au/match/id/","https://www.a-league.com.au/match/id/854436"
"248","854437","16/17","https://www.a-league.com.au/match/id/","https://www.a-league.com.au/match/id/854437"
"249","854438","16/17","https://www.a-league.com.au/match/id/","https://www.a-league.com.au/match/id/854438"
"250","854439","16/17","https://www.a-league.com.au/match/id/","https://www.a-league.com.au/match/id/854439"
"251","854440","16/17","https://www.a-league.com.au/match/id/","https://www.a-league.com.au/match/id/854440"
"252","854441","16/17","https://www.a-league.com.au/match/id/","https://www.a-league.com.au/match/id/854441"
"253","854442","16/17","https://www.a-league.com.au/match/id/","https://www.a-league.com.au/match/id/854442"
"254","854443","16/17","https://www.a-league.com.au/match/id/","https://www.a-league.com.au/match/id/854443"
"255","854444","16/17","https://www.a-league.com.au/match/id/","https://www.a-league.com.au/match/id/854444"
"256","854445","16/17","https://www.a-league.com.au/match/id/","https://www.a-league.com.au/match/id/854445"
"257","854446","16/17","https://www.a-league.com.au/match/id/","https://www.a-league.com.au/match/id/854446"
"258","854447","16/17","https://www.a-league.com.au/match/id/","https://www.a-league.com.au/match/id/854447"
"259","854448","16/17","https://www.a-league.com.au/match/id/","https://www.a-league.com.au/match/id/854448"
"260","854449","16/17","https://www.a-league.com.au/match/id/","https://www.a-league.com.au/match/id/854449"
"261","854450","16/17","https://www.a-league.com.au/match/id/","https://www.a-league.com.au/match/id/854450"
"262","854451","16/17","https://www.a-league.com.au/match/id/","https://www.a-league.com.au/match/id/854451"
"263","854452","16/17","https://www.a-league.com.au/match/id/","https://www.a-league.com.au/match/id/854452"
"264","854453","16/17","https://www.a-league.com.au/match/id/","https://www.a-league.com.au/match/id/854453"
"265","854454","16/17","https://www.a-league.com.au/match/id/","https://www.a-league.com.au/match/id/854454"
"266","854455","16/17","https://www.a-league.com.au/match/id/","https://www.a-league.com.au/match/id/854455"
"267","854456","16/17","https://www.a-league.com.au/match/id/","https://www.a-league.com.au/match/id/854456"
"268","854457","16/17","https://www.a-league.com.au/match/id/","https://www.a-league.com.au/match/id/854457"
"269","854458","16/17","https://www.a-league.com.au/match/id/","https://www.a-league.com.au/match/id/854458"
"270","854459","16/17","https://www.a-league.com.au/match/id/","https://www.a-league.com.au/match/id/854459"
"271","811609","15/16","https://www.a-league.com.au/match/id/","https://www.a-league.com.au/match/id/811609"
"272","811610","15/16","https://www.a-league.com.au/match/id/","https://www.a-league.com.au/match/id/811610"
"273","811611","15/16","https://www.a-league.com.au/match/id/","https://www.a-league.com.au/match/id/811611"
"274","811612","15/16","https://www.a-league.com.au/match/id/","https://www.a-league.com.au/match/id/811612"
"275","811613","15/16","https://www.a-league.com.au/match/id/","https://www.a-league.com.au/match/id/811613"
"276","811614","15/16","https://www.a-league.com.au/match/id/","https://www.a-league.com.au/match/id/811614"
"277","811615","15/16","https://www.a-league.com.au/match/id/","https://www.a-league.com.au/match/id/811615"
"278","811616","15/16","https://www.a-league.com.au/match/id/","https://www.a-league.com.au/match/id/811616"
"279","811617","15/16","https://www.a-league.com.au/match/id/","https://www.a-league.com.au/match/id/811617"
"280","811618","15/16","https://www.a-league.com.au/match/id/","https://www.a-league.com.au/match/id/811618"
"281","811619","15/16","https://www.a-league.com.au/match/id/","https://www.a-league.com.au/match/id/811619"
"282","811620","15/16","https://www.a-league.com.au/match/id/","https://www.a-league.com.au/match/id/811620"
"283","811621","15/16","https://www.a-league.com.au/match/id/","https://www.a-league.com.au/match/id/811621"
"284","811622","15/16","https://www.a-league.com.au/match/id/","https://www.a-league.com.au/match/id/811622"
"285","811623","15/16","https://www.a-league.com.au/match/id/","https://www.a-league.com.au/match/id/811623"
"286","811624","15/16","https://www.a-league.com.au/match/id/","https://www.a-league.com.au/match/id/811624"
"287","811625","15/16","https://www.a-league.com.au/match/id/","https://www.a-league.com.au/match/id/811625"
"288","811626","15/16","https://www.a-league.com.au/match/id/","https://www.a-league.com.au/match/id/811626"
"289","811627","15/16","https://www.a-league.com.au/match/id/","https://www.a-league.com.au/match/id/811627"
"290","811628","15/16","https://www.a-league.com.au/match/id/","https://www.a-league.com.au/match/id/811628"
"291","811629","15/16","https://www.a-league.com.au/match/id/","https://www.a-league.com.au/match/id/811629"
"292","811630","15/16","https://www.a-league.com.au/match/id/","https://www.a-league.com.au/match/id/811630"
"293","811631","15/16","https://www.a-league.com.au/match/id/","https://www.a-league.com.au/match/id/811631"
"294","811632","15/16","https://www.a-league.com.au/match/id/","https://www.a-league.com.au/match/id/811632"
"295","811633","15/16","https://www.a-league.com.au/match/id/","https://www.a-league.com.au/match/id/811633"
"296","811634","15/16","https://www.a-league.com.au/match/id/","https://www.a-league.com.au/match/id/811634"
"297","811635","15/16","https://www.a-league.com.au/match/id/","https://www.a-league.com.au/match/id/811635"
"298","811636","15/16","https://www.a-league.com.au/match/id/","https://www.a-league.com.au/match/id/811636"
"299","811637","15/16","https://www.a-league.com.au/match/id/","https://www.a-league.com.au/match/id/811637"
"300","811638","15/16","https://www.a-league.com.au/match/id/","https://www.a-league.com.au/match/id/811638"
"301","811639","15/16","https://www.a-league.com.au/match/id/","https://www.a-league.com.au/match/id/811639"
"302","811640","15/16","https://www.a-league.com.au/match/id/","https://www.a-league.com.au/match/id/811640"
"303","811641","15/16","https://www.a-league.com.au/match/id/","https://www.a-league.com.au/match/id/811641"
"304","811642","15/16","https://www.a-league.com.au/match/id/","https://www.a-league.com.au/match/id/811642"
"305","811643","15/16","https://www.a-league.com.au/match/id/","https://www.a-league.com.au/match/id/811643"
"306","811644","15/16","https://www.a-league.com.au/match/id/","https://www.a-league.com.au/match/id/811644"
"307","811645","15/16","https://www.a-league.com.au/match/id/","https://www.a-league.com.au/match/id/811645"
"308","811646","15/16","https://www.a-league.com.au/match/id/","https://www.a-league.com.au/match/id/811646"
"309","811647","15/16","https://www.a-league.com.au/match/id/","https://www.a-league.com.au/match/id/811647"
"310","811648","15/16","https://www.a-league.com.au/match/id/","https://www.a-league.com.au/match/id/811648"
"311","811649","15/16","https://www.a-league.com.au/match/id/","https://www.a-league.com.au/match/id/811649"
"312","811650","15/16","https://www.a-league.com.au/match/id/","https://www.a-league.com.au/match/id/811650"
"313","811651","15/16","https://www.a-league.com.au/match/id/","https://www.a-league.com.au/match/id/811651"
"314","811652","15/16","https://www.a-league.com.au/match/id/","https://www.a-league.com.au/match/id/811652"
"315","811653","15/16","https://www.a-league.com.au/match/id/","https://www.a-league.com.au/match/id/811653"
"316","811654","15/16","https://www.a-league.com.au/match/id/","https://www.a-league.com.au/match/id/811654"
"317","811655","15/16","https://www.a-league.com.au/match/id/","https://www.a-league.com.au/match/id/811655"
"318","811656","15/16","https://www.a-league.com.au/match/id/","https://www.a-league.com.au/match/id/811656"
"319","811657","15/16","https://www.a-league.com.au/match/id/","https://www.a-league.com.au/match/id/811657"
"320","811658","15/16","https://www.a-league.com.au/match/id/","https://www.a-league.com.au/match/id/811658"
"321","811659","15/16","https://www.a-league.com.au/match/id/","https://www.a-league.com.au/match/id/811659"
"322","811660","15/16","https://www.a-league.com.au/match/id/","https://www.a-league.com.au/match/id/811660"
"323","811661","15/16","https://www.a-league.com.au/match/id/","https://www.a-league.com.au/match/id/811661"
"324","811662","15/16","https://www.a-league.com.au/match/id/","https://www.a-league.com.au/match/id/811662"
"325","811663","15/16","https://www.a-league.com.au/match/id/","https://www.a-league.com.au/match/id/811663"
"326","811664","15/16","https://www.a-league.com.au/match/id/","https://www.a-league.com.au/match/id/811664"
"327","811665","15/16","https://www.a-league.com.au/match/id/","https://www.a-league.com.au/match/id/811665"
"328","811666","15/16","https://www.a-league.com.au/match/id/","https://www.a-league.com.au/match/id/811666"
"329","811667","15/16","https://www.a-league.com.au/match/id/","https://www.a-league.com.au/match/id/811667"
"330","811668","15/16","https://www.a-league.com.au/match/id/","https://www.a-league.com.au/match/id/811668"
"331","811669","15/16","https://www.a-league.com.au/match/id/","https://www.a-league.com.au/match/id/811669"
"332","811670","15/16","https://www.a-league.com.au/match/id/","https://www.a-league.com.au/match/id/811670"
"333","811671","15/16","https://www.a-league.com.au/match/id/","https://www.a-league.com.au/match/id/811671"
"334","811672","15/16","https://www.a-league.com.au/match/id/","https://www.a-league.com.au/match/id/811672"
"335","811673","15/16","https://www.a-league.com.au/match/id/","https://www.a-league.com.au/match/id/811673"
"336","811674","15/16","https://www.a-league.com.au/match/id/","https://www.a-league.com.au/match/id/811674"
"337","811675","15/16","https://www.a-league.com.au/match/id/","https://www.a-league.com.au/match/id/811675"
"338","811676","15/16","https://www.a-league.com.au/match/id/","https://www.a-league.com.au/match/id/811676"
"339","811677","15/16","https://www.a-league.com.au/match/id/","https://www.a-league.com.au/match/id/811677"
"340","811678","15/16","https://www.a-league.com.au/match/id/","https://www.a-league.com.au/match/id/811678"
"341","811679","15/16","https://www.a-league.com.au/match/id/","https://www.a-league.com.au/match/id/811679"
"342","811680","15/16","https://www.a-league.com.au/match/id/","https://www.a-league.com.au/match/id/811680"
"343","811681","15/16","https://www.a-league.com.au/match/id/","https://www.a-league.com.au/match/id/811681"
"344","811682","15/16","https://www.a-league.com.au/match/id/","https://www.a-league.com.au/match/id/811682"
"345","811683","15/16","https://www.a-league.com.au/match/id/","https://www.a-league.com.au/match/id/811683"
"346","811684","15/16","https://www.a-league.com.au/match/id/","https://www.a-league.com.au/match/id/811684"
"347","811685","15/16","https://www.a-league.com.au/match/id/","https://www.a-league.com.au/match/id/811685"
"348","811686","15/16","https://www.a-league.com.au/match/id/","https://www.a-league.com.au/match/id/811686"
"349","811687","15/16","https://www.a-league.com.au/match/id/","https://www.a-league.com.au/match/id/811687"
"350","811688","15/16","https://www.a-league.com.au/match/id/","https://www.a-league.com.au/match/id/811688"
"351","811689","15/16","https://www.a-league.com.au/match/id/","https://www.a-league.com.au/match/id/811689"
"352","811690","15/16","https://www.a-league.com.au/match/id/","https://www.a-league.com.au/match/id/811690"
"353","811691","15/16","https://www.a-league.com.au/match/id/","https://www.a-league.com.au/match/id/811691"
"354","811692","15/16","https://www.a-league.com.au/match/id/","https://www.a-league.com.au/match/id/811692"
"355","811693","15/16","https://www.a-league.com.au/match/id/","https://www.a-league.com.au/match/id/811693"
"356","811694","15/16","https://www.a-league.com.au/match/id/","https://www.a-league.com.au/match/id/811694"
"357","811695","15/16","https://www.a-league.com.au/match/id/","https://www.a-league.com.au/match/id/811695"
"358","811696","15/16","https://www.a-league.com.au/match/id/","https://www.a-league.com.au/match/id/811696"
"359","811697","15/16","https://www.a-league.com.au/match/id/","https://www.a-league.com.au/match/id/811697"
"360","811698","15/16","https://www.a-league.com.au/match/id/","https://www.a-league.com.au/match/id/811698"
"361","811699","15/16","https://www.a-league.com.au/match/id/","https://www.a-league.com.au/match/id/811699"
"362","811700","15/16","https://www.a-league.com.au/match/id/","https://www.a-league.com.au/match/id/811700"
"363","811701","15/16","https://www.a-league.com.au/match/id/","https://www.a-league.com.au/match/id/811701"
"364","811702","15/16","https://www.a-league.com.au/match/id/","https://www.a-league.com.au/match/id/811702"
"365","811703","15/16","https://www.a-league.com.au/match/id/","https://www.a-league.com.au/match/id/811703"
"366","811704","15/16","https://www.a-league.com.au/match/id/","https://www.a-league.com.au/match/id/811704"
"367","811705","15/16","https://www.a-league.com.au/match/id/","https://www.a-league.com.au/match/id/811705"
"368","811706","15/16","https://www.a-league.com.au/match/id/","https://www.a-league.com.au/match/id/811706"
"369","811707","15/16","https://www.a-league.com.au/match/id/","https://www.a-league.com.au/match/id/811707"
"370","811708","15/16","https://www.a-league.com.au/match/id/","https://www.a-league.com.au/match/id/811708"
"371","811709","15/16","https://www.a-league.com.au/match/id/","https://www.a-league.com.au/match/id/811709"
"372","811710","15/16","https://www.a-league.com.au/match/id/","https://www.a-league.com.au/match/id/811710"
"373","811711","15/16","https://www.a-league.com.au/match/id/","https://www.a-league.com.au/match/id/811711"
"374","811712","15/16","https://www.a-league.com.au/match/id/","https://www.a-league.com.au/match/id/811712"
"375","811713","15/16","https://www.a-league.com.au/match/id/","https://www.a-league.com.au/match/id/811713"
"376","811714","15/16","https://www.a-league.com.au/match/id/","https://www.a-league.com.au/match/id/811714"
"377","811715","15/16","https://www.a-league.com.au/match/id/","https://www.a-league.com.au/match/id/811715"
"378","811716","15/16","https://www.a-league.com.au/match/id/","https://www.a-league.com.au/match/id/811716"
"379","811717","15/16","https://www.a-league.com.au/match/id/","https://www.a-league.com.au/match/id/811717"
"380","811718","15/16","https://www.a-league.com.au/match/id/","https://www.a-league.com.au/match/id/811718"
"381","811719","15/16","https://www.a-league.com.au/match/id/","https://www.a-league.com.au/match/id/811719"
"382","811720","15/16","https://www.a-league.com.au/match/id/","https://www.a-league.com.au/match/id/811720"
"383","811721","15/16","https://www.a-league.com.au/match/id/","https://www.a-league.com.au/match/id/811721"
"384","811722","15/16","https://www.a-league.com.au/match/id/","https://www.a-league.com.au/match/id/811722"
"385","811723","15/16","https://www.a-league.com.au/match/id/","https://www.a-league.com.au/match/id/811723"
"386","811724","15/16","https://www.a-league.com.au/match/id/","https://www.a-league.com.au/match/id/811724"
"387","811725","15/16","https://www.a-league.com.au/match/id/","https://www.a-league.com.au/match/id/811725"
"388","811726","15/16","https://www.a-league.com.au/match/id/","https://www.a-league.com.au/match/id/811726"
"389","811727","15/16","https://www.a-league.com.au/match/id/","https://www.a-league.com.au/match/id/811727"
"390","811728","15/16","https://www.a-league.com.au/match/id/","https://www.a-league.com.au/match/id/811728"
"391","811729","15/16","https://www.a-league.com.au/match/id/","https://www.a-league.com.au/match/id/811729"
"392","811730","15/16","https://www.a-league.com.au/match/id/","https://www.a-league.com.au/match/id/811730"
"393","811731","15/16","https://www.a-league.com.au/match/id/","https://www.a-league.com.au/match/id/811731"
"394","811732","15/16","https://www.a-league.com.au/match/id/","https://www.a-league.com.au/match/id/811732"
"395","811733","15/16","https://www.a-league.com.au/match/id/","https://www.a-league.com.au/match/id/811733"
"396","811734","15/16","https://www.a-league.com.au/match/id/","https://www.a-league.com.au/match/id/811734"
"397","811735","15/16","https://www.a-league.com.au/match/id/","https://www.a-league.com.au/match/id/811735"
"398","811736","15/16","https://www.a-league.com.au/match/id/","https://www.a-league.com.au/match/id/811736"
"399","811737","15/16","https://www.a-league.com.au/match/id/","https://www.a-league.com.au/match/id/811737"
"400","811738","15/16","https://www.a-league.com.au/match/id/","https://www.a-league.com.au/match/id/811738"
"401","811739","15/16","https://www.a-league.com.au/match/id/","https://www.a-league.com.au/match/id/811739"
"402","811740","15/16","https://www.a-league.com.au/match/id/","https://www.a-league.com.au/match/id/811740"
"403","811741","15/16","https://www.a-league.com.au/match/id/","https://www.a-league.com.au/match/id/811741"
"404","811742","15/16","https://www.a-league.com.au/match/id/","https://www.a-league.com.au/match/id/811742"
"405","811743","15/16","https://www.a-league.com.au/match/id/","https://www.a-league.com.au/match/id/811743"
"406","753788","14/15","https://www.a-league.com.au/match/id/","https://www.a-league.com.au/match/id/753788"
"407","753789","14/15","https://www.a-league.com.au/match/id/","https://www.a-league.com.au/match/id/753789"
"408","753790","14/15","https://www.a-league.com.au/match/id/","https://www.a-league.com.au/match/id/753790"
"409","753791","14/15","https://www.a-league.com.au/match/id/","https://www.a-league.com.au/match/id/753791"
"410","753792","14/15","https://www.a-league.com.au/match/id/","https://www.a-league.com.au/match/id/753792"
"411","753793","14/15","https://www.a-league.com.au/match/id/","https://www.a-league.com.au/match/id/753793"
"412","753794","14/15","https://www.a-league.com.au/match/id/","https://www.a-league.com.au/match/id/753794"
"413","753795","14/15","https://www.a-league.com.au/match/id/","https://www.a-league.com.au/match/id/753795"
"414","753796","14/15","https://www.a-league.com.au/match/id/","https://www.a-league.com.au/match/id/753796"
"415","753797","14/15","https://www.a-league.com.au/match/id/","https://www.a-league.com.au/match/id/753797"
"416","753798","14/15","https://www.a-league.com.au/match/id/","https://www.a-league.com.au/match/id/753798"
"417","753799","14/15","https://www.a-league.com.au/match/id/","https://www.a-league.com.au/match/id/753799"
"418","753800","14/15","https://www.a-league.com.au/match/id/","https://www.a-league.com.au/match/id/753800"
"419","753801","14/15","https://www.a-league.com.au/match/id/","https://www.a-league.com.au/match/id/753801"
"420","753802","14/15","https://www.a-league.com.au/match/id/","https://www.a-league.com.au/match/id/753802"
"421","753803","14/15","https://www.a-league.com.au/match/id/","https://www.a-league.com.au/match/id/753803"
"422","753804","14/15","https://www.a-league.com.au/match/id/","https://www.a-league.com.au/match/id/753804"
"423","753805","14/15","https://www.a-league.com.au/match/id/","https://www.a-league.com.au/match/id/753805"
"424","753806","14/15","https://www.a-league.com.au/match/id/","https://www.a-league.com.au/match/id/753806"
"425","753807","14/15","https://www.a-league.com.au/match/id/","https://www.a-league.com.au/match/id/753807"
"426","753808","14/15","https://www.a-league.com.au/match/id/","https://www.a-league.com.au/match/id/753808"
"427","753809","14/15","https://www.a-league.com.au/match/id/","https://www.a-league.com.au/match/id/753809"
"428","753810","14/15","https://www.a-league.com.au/match/id/","https://www.a-league.com.au/match/id/753810"
"429","753811","14/15","https://www.a-league.com.au/match/id/","https://www.a-league.com.au/match/id/753811"
"430","753812","14/15","https://www.a-league.com.au/match/id/","https://www.a-league.com.au/match/id/753812"
"431","753813","14/15","https://www.a-league.com.au/match/id/","https://www.a-league.com.au/match/id/753813"
"432","753814","14/15","https://www.a-league.com.au/match/id/","https://www.a-league.com.au/match/id/753814"
"433","753815","14/15","https://www.a-league.com.au/match/id/","https://www.a-league.com.au/match/id/753815"
"434","753816","14/15","https://www.a-league.com.au/match/id/","https://www.a-league.com.au/match/id/753816"
"435","753817","14/15","https://www.a-league.com.au/match/id/","https://www.a-league.com.au/match/id/753817"
"436","753818","14/15","https://www.a-league.com.au/match/id/","https://www.a-league.com.au/match/id/753818"
"437","753819","14/15","https://www.a-league.com.au/match/id/","https://www.a-league.com.au/match/id/753819"
"438","753820","14/15","https://www.a-league.com.au/match/id/","https://www.a-league.com.au/match/id/753820"
"439","753821","14/15","https://www.a-league.com.au/match/id/","https://www.a-league.com.au/match/id/753821"
"440","753822","14/15","https://www.a-league.com.au/match/id/","https://www.a-league.com.au/match/id/753822"
"441","753823","14/15","https://www.a-league.com.au/match/id/","https://www.a-league.com.au/match/id/753823"
"442","753824","14/15","https://www.a-league.com.au/match/id/","https://www.a-league.com.au/match/id/753824"
"443","753825","14/15","https://www.a-league.com.au/match/id/","https://www.a-league.com.au/match/id/753825"
"444","753826","14/15","https://www.a-league.com.au/match/id/","https://www.a-league.com.au/match/id/753826"
"445","753827","14/15","https://www.a-league.com.au/match/id/","https://www.a-league.com.au/match/id/753827"
"446","753828","14/15","https://www.a-league.com.au/match/id/","https://www.a-league.com.au/match/id/753828"
"447","753829","14/15","https://www.a-league.com.au/match/id/","https://www.a-league.com.au/match/id/753829"
"448","753830","14/15","https://www.a-league.com.au/match/id/","https://www.a-league.com.au/match/id/753830"
"449","753831","14/15","https://www.a-league.com.au/match/id/","https://www.a-league.com.au/match/id/753831"
"450","753832","14/15","https://www.a-league.com.au/match/id/","https://www.a-league.com.au/match/id/753832"
"451","753833","14/15","https://www.a-league.com.au/match/id/","https://www.a-league.com.au/match/id/753833"
"452","753834","14/15","https://www.a-league.com.au/match/id/","https://www.a-league.com.au/match/id/753834"
"453","753835","14/15","https://www.a-league.com.au/match/id/","https://www.a-league.com.au/match/id/753835"
"454","753836","14/15","https://www.a-league.com.au/match/id/","https://www.a-league.com.au/match/id/753836"
"455","753837","14/15","https://www.a-league.com.au/match/id/","https://www.a-league.com.au/match/id/753837"
"456","753838","14/15","https://www.a-league.com.au/match/id/","https://www.a-league.com.au/match/id/753838"
"457","753839","14/15","https://www.a-league.com.au/match/id/","https://www.a-league.com.au/match/id/753839"
"458","753840","14/15","https://www.a-league.com.au/match/id/","https://www.a-league.com.au/match/id/753840"
"459","753841","14/15","https://www.a-league.com.au/match/id/","https://www.a-league.com.au/match/id/753841"
"460","753842","14/15","https://www.a-league.com.au/match/id/","https://www.a-league.com.au/match/id/753842"
"461","753843","14/15","https://www.a-league.com.au/match/id/","https://www.a-league.com.au/match/id/753843"
"462","753844","14/15","https://www.a-league.com.au/match/id/","https://www.a-league.com.au/match/id/753844"
"463","753845","14/15","https://www.a-league.com.au/match/id/","https://www.a-league.com.au/match/id/753845"
"464","753846","14/15","https://www.a-league.com.au/match/id/","https://www.a-league.com.au/match/id/753846"
"465","753847","14/15","https://www.a-league.com.au/match/id/","https://www.a-league.com.au/match/id/753847"
"466","753848","14/15","https://www.a-league.com.au/match/id/","https://www.a-league.com.au/match/id/753848"
"467","753849","14/15","https://www.a-league.com.au/match/id/","https://www.a-league.com.au/match/id/753849"
"468","753850","14/15","https://www.a-league.com.au/match/id/","https://www.a-league.com.au/match/id/753850"
"469","753851","14/15","https://www.a-league.com.au/match/id/","https://www.a-league.com.au/match/id/753851"
"470","753852","14/15","https://www.a-league.com.au/match/id/","https://www.a-league.com.au/match/id/753852"
"471","753853","14/15","https://www.a-league.com.au/match/id/","https://www.a-league.com.au/match/id/753853"
"472","753854","14/15","https://www.a-league.com.au/match/id/","https://www.a-league.com.au/match/id/753854"
"473","753855","14/15","https://www.a-league.com.au/match/id/","https://www.a-league.com.au/match/id/753855"
"474","753856","14/15","https://www.a-league.com.au/match/id/","https://www.a-league.com.au/match/id/753856"
"475","753857","14/15","https://www.a-league.com.au/match/id/","https://www.a-league.com.au/match/id/753857"
"476","753858","14/15","https://www.a-league.com.au/match/id/","https://www.a-league.com.au/match/id/753858"
"477","753859","14/15","https://www.a-league.com.au/match/id/","https://www.a-league.com.au/match/id/753859"
"478","753860","14/15","https://www.a-league.com.au/match/id/","https://www.a-league.com.au/match/id/753860"
"479","753861","14/15","https://www.a-league.com.au/match/id/","https://www.a-league.com.au/match/id/753861"
"480","753862","14/15","https://www.a-league.com.au/match/id/","https://www.a-league.com.au/match/id/753862"
"481","753863","14/15","https://www.a-league.com.au/match/id/","https://www.a-league.com.au/match/id/753863"
"482","753864","14/15","https://www.a-league.com.au/match/id/","https://www.a-league.com.au/match/id/753864"
"483","753865","14/15","https://www.a-league.com.au/match/id/","https://www.a-league.com.au/match/id/753865"
"484","753866","14/15","https://www.a-league.com.au/match/id/","https://www.a-league.com.au/match/id/753866"
"485","753867","14/15","https://www.a-league.com.au/match/id/","https://www.a-league.com.au/match/id/753867"
"486","753868","14/15","https://www.a-league.com.au/match/id/","https://www.a-league.com.au/match/id/753868"
"487","753869","14/15","https://www.a-league.com.au/match/id/","https://www.a-league.com.au/match/id/753869"
"488","753870","14/15","https://www.a-league.com.au/match/id/","https://www.a-league.com.au/match/id/753870"
"489","753871","14/15","https://www.a-league.com.au/match/id/","https://www.a-league.com.au/match/id/753871"
"490","753872","14/15","https://www.a-league.com.au/match/id/","https://www.a-league.com.au/match/id/753872"
"491","753873","14/15","https://www.a-league.com.au/match/id/","https://www.a-league.com.au/match/id/753873"
"492","753874","14/15","https://www.a-league.com.au/match/id/","https://www.a-league.com.au/match/id/753874"
"493","753875","14/15","https://www.a-league.com.au/match/id/","https://www.a-league.com.au/match/id/753875"
"494","753876","14/15","https://www.a-league.com.au/match/id/","https://www.a-league.com.au/match/id/753876"
"495","753877","14/15","https://www.a-league.com.au/match/id/","https://www.a-league.com.au/match/id/753877"
"496","753878","14/15","https://www.a-league.com.au/match/id/","https://www.a-league.com.au/match/id/753878"
"497","753879","14/15","https://www.a-league.com.au/match/id/","https://www.a-league.com.au/match/id/753879"
"498","753880","14/15","https://www.a-league.com.au/match/id/","https://www.a-league.com.au/match/id/753880"
"499","753881","14/15","https://www.a-league.com.au/match/id/","https://www.a-league.com.au/match/id/753881"
"500","753882","14/15","https://www.a-league.com.au/match/id/","https://www.a-league.com.au/match/id/753882"
"501","753883","14/15","https://www.a-league.com.au/match/id/","https://www.a-league.com.au/match/id/753883"
"502","753884","14/15","https://www.a-league.com.au/match/id/","https://www.a-league.com.au/match/id/753884"
"503","753885","14/15","https://www.a-league.com.au/match/id/","https://www.a-league.com.au/match/id/753885"
"504","753886","14/15","https://www.a-league.com.au/match/id/","https://www.a-league.com.au/match/id/753886"
"505","753887","14/15","https://www.a-league.com.au/match/id/","https://www.a-league.com.au/match/id/753887"
"506","753888","14/15","https://www.a-league.com.au/match/id/","https://www.a-league.com.au/match/id/753888"
"507","753889","14/15","https://www.a-league.com.au/match/id/","https://www.a-league.com.au/match/id/753889"
"508","753890","14/15","https://www.a-league.com.au/match/id/","https://www.a-league.com.au/match/id/753890"
"509","753891","14/15","https://www.a-league.com.au/match/id/","https://www.a-league.com.au/match/id/753891"
"510","753892","14/15","https://www.a-league.com.au/match/id/","https://www.a-league.com.au/match/id/753892"
"511","753893","14/15","https://www.a-league.com.au/match/id/","https://www.a-league.com.au/match/id/753893"
"512","753894","14/15","https://www.a-league.com.au/match/id/","https://www.a-league.com.au/match/id/753894"
"513","753895","14/15","https://www.a-league.com.au/match/id/","https://www.a-league.com.au/match/id/753895"
"514","753896","14/15","https://www.a-league.com.au/match/id/","https://www.a-league.com.au/match/id/753896"
"515","753897","14/15","https://www.a-league.com.au/match/id/","https://www.a-league.com.au/match/id/753897"
"516","753898","14/15","https://www.a-league.com.au/match/id/","https://www.a-league.com.au/match/id/753898"
"517","753899","14/15","https://www.a-league.com.au/match/id/","https://www.a-league.com.au/match/id/753899"
"518","753900","14/15","https://www.a-league.com.au/match/id/","https://www.a-league.com.au/match/id/753900"
"519","753901","14/15","https://www.a-league.com.au/match/id/","https://www.a-league.com.au/match/id/753901"
"520","753902","14/15","https://www.a-league.com.au/match/id/","https://www.a-league.com.au/match/id/753902"
"521","753903","14/15","https://www.a-league.com.au/match/id/","https://www.a-league.com.au/match/id/753903"
"522","753904","14/15","https://www.a-league.com.au/match/id/","https://www.a-league.com.au/match/id/753904"
"523","753905","14/15","https://www.a-league.com.au/match/id/","https://www.a-league.com.au/match/id/753905"
"524","753906","14/15","https://www.a-league.com.au/match/id/","https://www.a-league.com.au/match/id/753906"
"525","753907","14/15","https://www.a-league.com.au/match/id/","https://www.a-league.com.au/match/id/753907"
"526","753908","14/15","https://www.a-league.com.au/match/id/","https://www.a-league.com.au/match/id/753908"
"527","753909","14/15","https://www.a-league.com.au/match/id/","https://www.a-league.com.au/match/id/753909"
"528","753910","14/15","https://www.a-league.com.au/match/id/","https://www.a-league.com.au/match/id/753910"
"529","753911","14/15","https://www.a-league.com.au/match/id/","https://www.a-league.com.au/match/id/753911"
"530","753912","14/15","https://www.a-league.com.au/match/id/","https://www.a-league.com.au/match/id/753912"
"531","753913","14/15","https://www.a-league.com.au/match/id/","https://www.a-league.com.au/match/id/753913"
"532","753914","14/15","https://www.a-league.com.au/match/id/","https://www.a-league.com.au/match/id/753914"
"533","753915","14/15","https://www.a-league.com.au/match/id/","https://www.a-league.com.au/match/id/753915"
"534","753916","14/15","https://www.a-league.com.au/match/id/","https://www.a-league.com.au/match/id/753916"
"535","753917","14/15","https://www.a-league.com.au/match/id/","https://www.a-league.com.au/match/id/753917"
"536","753918","14/15","https://www.a-league.com.au/match/id/","https://www.a-league.com.au/match/id/753918"
"537","753919","14/15","https://www.a-league.com.au/match/id/","https://www.a-league.com.au/match/id/753919"
"538","753920","14/15","https://www.a-league.com.au/match/id/","https://www.a-league.com.au/match/id/753920"
"539","753921","14/15","https://www.a-league.com.au/match/id/","https://www.a-league.com.au/match/id/753921"
"540","753922","14/15","https://www.a-league.com.au/match/id/","https://www.a-league.com.au/match/id/753922"
